timestamp,machine_id,sensor_type,reading
2025-08-19 11:18:59.878906,M001,current,0.05
2025-08-19 11:18:59.878906,M001,flow_rate,14.61
2025-08-19 11:18:59.878906,M001,pressure,1.88
2025-08-19 11:18:59.878906,M001,rpm,1652.3
2025-08-19 11:18:59.878906,M001,temperature,22.08
2025-08-19 11:18:59.878906,M001,vibration,0.53
2025-08-19 11:18:59.878906,M002,current,5.89
2025-08-19 11:18:59.878906,M002,flow_rate,10.96
2025-08-19 11:18:59.878906,M002,pressure,1.03
2025-08-19 11:18:59.878906,M002,rpm,1295.21
2025-08-19 11:18:59.878906,M002,temperature,11.36
2025-08-19 11:18:59.878906,M002,vibration,0.31
2025-08-19 11:18:59.878906,M003,current,1.47
2025-08-19 11:18:59.878906,M003,flow_rate,8.87
2025-08-19 11:18:59.878906,M003,pressure,0.04
2025-08-19 11:18:59.878906,M003,rpm,92.2
2025-08-19 11:18:59.878906,M003,temperature,23.1
2025-08-19 11:18:59.878906,M003,vibration,0.37
2025-08-19 11:18:59.878906,M004,current,4.53
2025-08-19 11:18:59.878906,M004,flow_rate,6.84
2025-08-19 11:18:59.878906,M004,pressure,2.58
2025-08-19 11:18:59.878906,M004,rpm,984.95
2025-08-19 11:18:59.878906,M004,temperature,20.23
2025-08-19 11:18:59.878906,M004,vibration,0.8
2025-08-19 11:18:59.878906,M005,current,1.6
2025-08-19 11:18:59.878906,M005,flow_rate,14.27
2025-08-19 11:18:59.878906,M005,pressure,1.0
2025-08-19 11:18:59.878906,M005,rpm,668.78
2025-08-19 11:18:59.878906,M005,temperature,21.64
2025-08-19 11:18:59.878906,M005,vibration,0.13
2025-08-19 11:18:59.878906,M006,current,21.37
2025-08-19 11:18:59.878906,M006,flow_rate,29.45
2025-08-19 11:18:59.878906,M006,pressure,2.31
2025-08-19 11:18:59.878906,M006,rpm,32.37
2025-08-19 11:18:59.878906,M006,temperature,32.99
2025-08-19 11:18:59.878906,M006,vibration,1.25
2025-08-19 11:18:59.878906,M007,current,21.23
2025-08-19 11:18:59.878906,M007,flow_rate,32.93
2025-08-19 11:18:59.878906,M007,pressure,5.25
2025-08-19 11:18:59.878906,M007,rpm,53.28
2025-08-19 11:18:59.878906,M007,temperature,35.7
2025-08-19 11:18:59.878906,M007,vibration,0.92
2025-08-19 11:18:59.878906,M008,current,9.69
2025-08-19 11:18:59.878906,M008,flow_rate,70.29
2025-08-19 11:18:59.878906,M008,pressure,2.45
2025-08-19 11:18:59.878906,M008,rpm,2380.03
2025-08-19 11:18:59.878906,M008,temperature,28.25
2025-08-19 11:18:59.878906,M008,vibration,0.6
2025-08-19 11:18:59.878906,M009,current,6.94
2025-08-19 11:18:59.878906,M009,flow_rate,130.1
2025-08-19 11:18:59.878906,M009,pressure,0.6
2025-08-19 11:18:59.878906,M009,rpm,1935.82
2025-08-19 11:18:59.878906,M009,temperature,10.57
2025-08-19 11:18:59.878906,M009,vibration,0.32
2025-08-19 11:18:59.878906,M010,current,25.55
2025-08-19 11:18:59.878906,M010,flow_rate,2.37
2025-08-19 11:18:59.878906,M010,pressure,7.31
2025-08-19 11:18:59.878906,M010,rpm,3672.7
2025-08-19 11:18:59.878906,M010,temperature,30.08
2025-08-19 11:18:59.878906,M010,vibration,5.19
2025-08-19 11:23:59.878906,M001,current,0.09
2025-08-19 11:23:59.878906,M001,flow_rate,17.26
2025-08-19 11:23:59.878906,M001,pressure,1.68
2025-08-19 11:23:59.878906,M001,rpm,702.49
2025-08-19 11:23:59.878906,M001,temperature,20.94
2025-08-19 11:23:59.878906,M001,vibration,0.32
2025-08-19 11:23:59.878906,M002,current,4.08
2025-08-19 11:23:59.878906,M002,flow_rate,13.29
2025-08-19 11:23:59.878906,M002,pressure,1.03
2025-08-19 11:23:59.878906,M002,rpm,1196.24
2025-08-19 11:23:59.878906,M002,temperature,19.51
2025-08-19 11:23:59.878906,M002,vibration,0.38
2025-08-19 11:23:59.878906,M003,current,11.95
2025-08-19 11:23:59.878906,M003,flow_rate,8.15
2025-08-19 11:23:59.878906,M003,pressure,0.08
2025-08-19 11:23:59.878906,M003,rpm,15.28
2025-08-19 11:23:59.878906,M003,temperature,22.41
2025-08-19 11:23:59.878906,M003,vibration,0.25
2025-08-19 11:23:59.878906,M004,current,9.52
2025-08-19 11:23:59.878906,M004,flow_rate,7.9
2025-08-19 11:23:59.878906,M004,pressure,1.37
2025-08-19 11:23:59.878906,M004,rpm,1023.81
2025-08-19 11:23:59.878906,M004,temperature,22.73
2025-08-19 11:23:59.878906,M004,vibration,0.57
2025-08-19 11:23:59.878906,M005,current,1.62
2025-08-19 11:23:59.878906,M005,flow_rate,8.23
2025-08-19 11:23:59.878906,M005,pressure,0.15
2025-08-19 11:23:59.878906,M005,rpm,666.44
2025-08-19 11:23:59.878906,M005,temperature,21.46
2025-08-19 11:23:59.878906,M005,vibration,0.0
2025-08-19 11:23:59.878906,M006,current,19.35
2025-08-19 11:23:59.878906,M006,flow_rate,28.84
2025-08-19 11:23:59.878906,M006,pressure,2.16
2025-08-19 11:23:59.878906,M006,rpm,44.54
2025-08-19 11:23:59.878906,M006,temperature,35.32
2025-08-19 11:23:59.878906,M006,vibration,1.07
2025-08-19 11:23:59.878906,M007,current,17.64
2025-08-19 11:23:59.878906,M007,flow_rate,31.45
2025-08-19 11:23:59.878906,M007,pressure,5.25
2025-08-19 11:23:59.878906,M007,rpm,46.09
2025-08-19 11:23:59.878906,M007,temperature,35.99
2025-08-19 11:23:59.878906,M007,vibration,1.25
2025-08-19 11:23:59.878906,M008,current,11.26
2025-08-19 11:23:59.878906,M008,flow_rate,65.87
2025-08-19 11:23:59.878906,M008,pressure,2.37
2025-08-19 11:23:59.878906,M008,rpm,2567.34
2025-08-19 11:23:59.878906,M008,temperature,56.04
2025-08-19 11:23:59.878906,M008,vibration,2.6
2025-08-19 11:23:59.878906,M009,current,0.43
2025-08-19 11:23:59.878906,M009,flow_rate,145.53
2025-08-19 11:23:59.878906,M009,pressure,0.74
2025-08-19 11:23:59.878906,M009,rpm,1995.58
2025-08-19 11:23:59.878906,M009,temperature,10.43
2025-08-19 11:23:59.878906,M009,vibration,0.17
2025-08-19 11:23:59.878906,M010,current,26.9
2025-08-19 11:23:59.878906,M010,flow_rate,0.85
2025-08-19 11:23:59.878906,M010,pressure,7.1
2025-08-19 11:23:59.878906,M010,rpm,433.92
2025-08-19 11:23:59.878906,M010,temperature,27.02
2025-08-19 11:23:59.878906,M010,vibration,1.99
2025-08-19 11:28:59.878906,M001,current,0.05
2025-08-19 11:28:59.878906,M001,flow_rate,18.65
2025-08-19 11:28:59.878906,M001,pressure,0.51
2025-08-19 11:28:59.878906,M001,rpm,717.04
2025-08-19 11:28:59.878906,M001,temperature,22.42
2025-08-19 11:28:59.878906,M001,vibration,0.61
2025-08-19 11:28:59.878906,M002,current,4.16
2025-08-19 11:28:59.878906,M002,flow_rate,11.58
2025-08-19 11:28:59.878906,M002,pressure,0.98
2025-08-19 11:28:59.878906,M002,rpm,4334.33
2025-08-19 11:28:59.878906,M002,temperature,19.03
2025-08-19 11:28:59.878906,M002,vibration,0.36
2025-08-19 11:28:59.878906,M003,current,9.68
2025-08-19 11:28:59.878906,M003,flow_rate,8.12
2025-08-19 11:28:59.878906,M003,pressure,0.1
2025-08-19 11:28:59.878906,M003,rpm,16.46
2025-08-19 11:28:59.878906,M003,temperature,19.84
2025-08-19 11:28:59.878906,M003,vibration,0.48
2025-08-19 11:28:59.878906,M004,current,1.99
2025-08-19 11:28:59.878906,M004,flow_rate,8.72
2025-08-19 11:28:59.878906,M004,pressure,0.63
2025-08-19 11:28:59.878906,M004,rpm,1087.14
2025-08-19 11:28:59.878906,M004,temperature,24.53
2025-08-19 11:28:59.878906,M004,vibration,0.63
2025-08-19 11:28:59.878906,M005,current,1.88
2025-08-19 11:28:59.878906,M005,flow_rate,8.46
2025-08-19 11:28:59.878906,M005,pressure,0.27
2025-08-19 11:28:59.878906,M005,rpm,583.98
2025-08-19 11:28:59.878906,M005,temperature,22.17
2025-08-19 11:28:59.878906,M005,vibration,0.0
2025-08-19 11:28:59.878906,M006,current,41.89
2025-08-19 11:28:59.878906,M006,flow_rate,30.71
2025-08-19 11:28:59.878906,M006,pressure,4.01
2025-08-19 11:28:59.878906,M006,rpm,53.87
2025-08-19 11:28:59.878906,M006,temperature,3.77
2025-08-19 11:28:59.878906,M006,vibration,1.08
2025-08-19 11:28:59.878906,M007,current,18.38
2025-08-19 11:28:59.878906,M007,flow_rate,34.47
2025-08-19 11:28:59.878906,M007,pressure,2.08
2025-08-19 11:28:59.878906,M007,rpm,60.94
2025-08-19 11:28:59.878906,M007,temperature,41.22
2025-08-19 11:28:59.878906,M007,vibration,0.95
2025-08-19 11:28:59.878906,M008,current,10.55
2025-08-19 11:28:59.878906,M008,flow_rate,74.48
2025-08-19 11:28:59.878906,M008,pressure,2.36
2025-08-19 11:28:59.878906,M008,rpm,2568.8
2025-08-19 11:28:59.878906,M008,temperature,31.01
2025-08-19 11:28:59.878906,M008,vibration,0.29
2025-08-19 11:28:59.878906,M009,current,0.5
2025-08-19 11:28:59.878906,M009,flow_rate,127.84
2025-08-19 11:28:59.878906,M009,pressure,0.21
2025-08-19 11:28:59.878906,M009,rpm,1864.03
2025-08-19 11:28:59.878906,M009,temperature,2.17
2025-08-19 11:28:59.878906,M009,vibration,0.24
2025-08-19 11:28:59.878906,M010,current,24.56
2025-08-19 11:28:59.878906,M010,flow_rate,2.49
2025-08-19 11:28:59.878906,M010,pressure,7.28
2025-08-19 11:28:59.878906,M010,rpm,266.36
2025-08-19 11:28:59.878906,M010,temperature,28.19
2025-08-19 11:28:59.878906,M010,vibration,2.0
2025-08-19 11:33:59.878906,M001,current,3.39
2025-08-19 11:33:59.878906,M001,flow_rate,16.19
2025-08-19 11:33:59.878906,M001,pressure,1.68
2025-08-19 11:33:59.878906,M001,rpm,2549.3
2025-08-19 11:33:59.878906,M001,temperature,22.23
2025-08-19 11:33:59.878906,M001,vibration,0.33
2025-08-19 11:33:59.878906,M002,current,1.41
2025-08-19 11:33:59.878906,M002,flow_rate,12.5
2025-08-19 11:33:59.878906,M002,pressure,1.0
2025-08-19 11:33:59.878906,M002,rpm,1123.76
2025-08-19 11:33:59.878906,M002,temperature,30.13
2025-08-19 11:33:59.878906,M002,vibration,0.28
2025-08-19 11:33:59.878906,M003,current,9.68
2025-08-19 11:33:59.878906,M003,flow_rate,0.18
2025-08-19 11:33:59.878906,M003,pressure,0.88
2025-08-19 11:33:59.878906,M003,rpm,90.51
2025-08-19 11:33:59.878906,M003,temperature,23.04
2025-08-19 11:33:59.878906,M003,vibration,0.62
2025-08-19 11:33:59.878906,M004,current,9.05
2025-08-19 11:33:59.878906,M004,flow_rate,9.73
2025-08-19 11:33:59.878906,M004,pressure,1.5
2025-08-19 11:33:59.878906,M004,rpm,1037.39
2025-08-19 11:33:59.878906,M004,temperature,6.85
2025-08-19 11:33:59.878906,M004,vibration,0.16
2025-08-19 11:33:59.878906,M005,current,1.88
2025-08-19 11:33:59.878906,M005,flow_rate,1.84
2025-08-19 11:33:59.878906,M005,pressure,0.19
2025-08-19 11:33:59.878906,M005,rpm,675.69
2025-08-19 11:33:59.878906,M005,temperature,57.09
2025-08-19 11:33:59.878906,M005,vibration,0.0
2025-08-19 11:33:59.878906,M006,current,25.6
2025-08-19 11:33:59.878906,M006,flow_rate,34.4
2025-08-19 11:33:59.878906,M006,pressure,2.19
2025-08-19 11:33:59.878906,M006,rpm,60.86
2025-08-19 11:33:59.878906,M006,temperature,6.91
2025-08-19 11:33:59.878906,M006,vibration,1.49
2025-08-19 11:33:59.878906,M007,current,23.86
2025-08-19 11:33:59.878906,M007,flow_rate,27.83
2025-08-19 11:33:59.878906,M007,pressure,1.96
2025-08-19 11:33:59.878906,M007,rpm,226.27
2025-08-19 11:33:59.878906,M007,temperature,32.42
2025-08-19 11:33:59.878906,M007,vibration,1.13
2025-08-19 11:33:59.878906,M008,current,10.04
2025-08-19 11:33:59.878906,M008,flow_rate,59.61
2025-08-19 11:33:59.878906,M008,pressure,1.09
2025-08-19 11:33:59.878906,M008,rpm,2681.49
2025-08-19 11:33:59.878906,M008,temperature,29.99
2025-08-19 11:33:59.878906,M008,vibration,0.28
2025-08-19 11:33:59.878906,M009,current,0.26
2025-08-19 11:33:59.878906,M009,flow_rate,48.31
2025-08-19 11:33:59.878906,M009,pressure,1.0
2025-08-19 11:33:59.878906,M009,rpm,2036.08
2025-08-19 11:33:59.878906,M009,temperature,8.81
2025-08-19 11:33:59.878906,M009,vibration,0.25
2025-08-19 11:33:59.878906,M010,current,10.02
2025-08-19 11:33:59.878906,M010,flow_rate,0.17
2025-08-19 11:33:59.878906,M010,pressure,7.21
2025-08-19 11:33:59.878906,M010,rpm,166.76
2025-08-19 11:33:59.878906,M010,temperature,32.86
2025-08-19 11:33:59.878906,M010,vibration,1.32
2025-08-19 11:38:59.878906,M001,current,2.9
2025-08-19 11:38:59.878906,M001,flow_rate,14.44
2025-08-19 11:38:59.878906,M001,pressure,0.8
2025-08-19 11:38:59.878906,M001,rpm,847.29
2025-08-19 11:38:59.878906,M001,temperature,20.58
2025-08-19 11:38:59.878906,M001,vibration,0.51
2025-08-19 11:38:59.878906,M002,current,1.39
2025-08-19 11:38:59.878906,M002,flow_rate,1.32
2025-08-19 11:38:59.878906,M002,pressure,0.98
2025-08-19 11:38:59.878906,M002,rpm,1283.75
2025-08-19 11:38:59.878906,M002,temperature,30.84
2025-08-19 11:38:59.878906,M002,vibration,0.5
2025-08-19 11:38:59.878906,M003,current,1.51
2025-08-19 11:38:59.878906,M003,flow_rate,0.04
2025-08-19 11:38:59.878906,M003,pressure,1.1
2025-08-19 11:38:59.878906,M003,rpm,19.7
2025-08-19 11:38:59.878906,M003,temperature,27.81
2025-08-19 11:38:59.878906,M003,vibration,0.4
2025-08-19 11:38:59.878906,M004,current,3.0
2025-08-19 11:38:59.878906,M004,flow_rate,7.3
2025-08-19 11:38:59.878906,M004,pressure,0.58
2025-08-19 11:38:59.878906,M004,rpm,996.03
2025-08-19 11:38:59.878906,M004,temperature,9.89
2025-08-19 11:38:59.878906,M004,vibration,1.01
2025-08-19 11:38:59.878906,M005,current,1.64
2025-08-19 11:38:59.878906,M005,flow_rate,1.79
2025-08-19 11:38:59.878906,M005,pressure,0.98
2025-08-19 11:38:59.878906,M005,rpm,578.49
2025-08-19 11:38:59.878906,M005,temperature,11.05
2025-08-19 11:38:59.878906,M005,vibration,0.0
2025-08-19 11:38:59.878906,M006,current,14.31
2025-08-19 11:38:59.878906,M006,flow_rate,33.66
2025-08-19 11:38:59.878906,M006,pressure,1.76
2025-08-19 11:38:59.878906,M006,rpm,50.17
2025-08-19 11:38:59.878906,M006,temperature,4.81
2025-08-19 11:38:59.878906,M006,vibration,1.54
2025-08-19 11:38:59.878906,M007,current,20.19
2025-08-19 11:38:59.878906,M007,flow_rate,34.16
2025-08-19 11:38:59.878906,M007,pressure,1.9
2025-08-19 11:38:59.878906,M007,rpm,0.0
2025-08-19 11:38:59.878906,M007,temperature,35.66
2025-08-19 11:38:59.878906,M007,vibration,1.27
2025-08-19 11:38:59.878906,M008,current,9.9
2025-08-19 11:38:59.878906,M008,flow_rate,67.94
2025-08-19 11:38:59.878906,M008,pressure,5.5
2025-08-19 11:38:59.878906,M008,rpm,2174.65
2025-08-19 11:38:59.878906,M008,temperature,31.94
2025-08-19 11:38:59.878906,M008,vibration,0.27
2025-08-19 11:38:59.878906,M009,current,0.57
2025-08-19 11:38:59.878906,M009,flow_rate,302.61
2025-08-19 11:38:59.878906,M009,pressure,1.0
2025-08-19 11:38:59.878906,M009,rpm,1917.83
2025-08-19 11:38:59.878906,M009,temperature,10.47
2025-08-19 11:38:59.878906,M009,vibration,0.29
2025-08-19 11:38:59.878906,M010,current,42.97
2025-08-19 11:38:59.878906,M010,flow_rate,3.62
2025-08-19 11:38:59.878906,M010,pressure,6.77
2025-08-19 11:38:59.878906,M010,rpm,338.81
2025-08-19 11:38:59.878906,M010,temperature,28.39
2025-08-19 11:38:59.878906,M010,vibration,2.3
2025-08-19 11:43:59.878906,M001,current,3.49
2025-08-19 11:43:59.878906,M001,flow_rate,15.2
2025-08-19 11:43:59.878906,M001,pressure,0.57
2025-08-19 11:43:59.878906,M001,rpm,3012.39
2025-08-19 11:43:59.878906,M001,temperature,74.4
2025-08-19 11:43:59.878906,M001,vibration,0.54
2025-08-19 11:43:59.878906,M002,current,4.41
2025-08-19 11:43:59.878906,M002,flow_rate,1.46
2025-08-19 11:43:59.878906,M002,pressure,0.98
2025-08-19 11:43:59.878906,M002,rpm,1233.15
2025-08-19 11:43:59.878906,M002,temperature,17.75
2025-08-19 11:43:59.878906,M002,vibration,0.4
2025-08-19 11:43:59.878906,M003,current,3.0
2025-08-19 11:43:59.878906,M003,flow_rate,0.03
2025-08-19 11:43:59.878906,M003,pressure,1.08
2025-08-19 11:43:59.878906,M003,rpm,21.88
2025-08-19 11:43:59.878906,M003,temperature,24.56
2025-08-19 11:43:59.878906,M003,vibration,0.77
2025-08-19 11:43:59.878906,M004,current,1.99
2025-08-19 11:43:59.878906,M004,flow_rate,10.94
2025-08-19 11:43:59.878906,M004,pressure,1.64
2025-08-19 11:43:59.878906,M004,rpm,92.21
2025-08-19 11:43:59.878906,M004,temperature,57.9
2025-08-19 11:43:59.878906,M004,vibration,0.2
2025-08-19 11:43:59.878906,M005,current,1.91
2025-08-19 11:43:59.878906,M005,flow_rate,1.75
2025-08-19 11:43:59.878906,M005,pressure,0.98
2025-08-19 11:43:59.878906,M005,rpm,689.58
2025-08-19 11:43:59.878906,M005,temperature,8.65
2025-08-19 11:43:59.878906,M005,vibration,0.0
2025-08-19 11:43:59.878906,M006,current,13.99
2025-08-19 11:43:59.878906,M006,flow_rate,32.13
2025-08-19 11:43:59.878906,M006,pressure,1.85
2025-08-19 11:43:59.878906,M006,rpm,38.71
2025-08-19 11:43:59.878906,M006,temperature,6.37
2025-08-19 11:43:59.878906,M006,vibration,1.27
2025-08-19 11:43:59.878906,M007,current,18.63
2025-08-19 11:43:59.878906,M007,flow_rate,33.11
2025-08-19 11:43:59.878906,M007,pressure,1.95
2025-08-19 11:43:59.878906,M007,rpm,0.0
2025-08-19 11:43:59.878906,M007,temperature,32.25
2025-08-19 11:43:59.878906,M007,vibration,1.35
2025-08-19 11:43:59.878906,M008,current,0.69
2025-08-19 11:43:59.878906,M008,flow_rate,57.96
2025-08-19 11:43:59.878906,M008,pressure,1.23
2025-08-19 11:43:59.878906,M008,rpm,5265.48
2025-08-19 11:43:59.878906,M008,temperature,29.03
2025-08-19 11:43:59.878906,M008,vibration,1.75
2025-08-19 11:43:59.878906,M009,current,0.87
2025-08-19 11:43:59.878906,M009,flow_rate,244.32
2025-08-19 11:43:59.878906,M009,pressure,0.5
2025-08-19 11:43:59.878906,M009,rpm,2245.89
2025-08-19 11:43:59.878906,M009,temperature,8.8
2025-08-19 11:43:59.878906,M009,vibration,0.32
2025-08-19 11:43:59.878906,M010,current,53.38
2025-08-19 11:43:59.878906,M010,flow_rate,4.23
2025-08-19 11:43:59.878906,M010,pressure,6.67
2025-08-19 11:43:59.878906,M010,rpm,191.55
2025-08-19 11:43:59.878906,M010,temperature,27.45
2025-08-19 11:43:59.878906,M010,vibration,1.99
2025-08-19 11:48:59.878906,M001,current,3.85
2025-08-19 11:48:59.878906,M001,flow_rate,14.33
2025-08-19 11:48:59.878906,M001,pressure,0.51
2025-08-19 11:48:59.878906,M001,rpm,1200.0
2025-08-19 11:48:59.878906,M001,temperature,22.11
2025-08-19 11:48:59.878906,M001,vibration,0.44
2025-08-19 11:48:59.878906,M002,current,1.34
2025-08-19 11:48:59.878906,M002,flow_rate,0.05
2025-08-19 11:48:59.878906,M002,pressure,1.0
2025-08-19 11:48:59.878906,M002,rpm,1185.58
2025-08-19 11:48:59.878906,M002,temperature,32.26
2025-08-19 11:48:59.878906,M002,vibration,0.36
2025-08-19 11:48:59.878906,M003,current,1.51
2025-08-19 11:48:59.878906,M003,flow_rate,0.5
2025-08-19 11:48:59.878906,M003,pressure,1.1
2025-08-19 11:48:59.878906,M003,rpm,16.5
2025-08-19 11:48:59.878906,M003,temperature,26.13
2025-08-19 11:48:59.878906,M003,vibration,0.89
2025-08-19 11:48:59.878906,M004,current,1.99
2025-08-19 11:48:59.878906,M004,flow_rate,0.21
2025-08-19 11:48:59.878906,M004,pressure,0.53
2025-08-19 11:48:59.878906,M004,rpm,13.85
2025-08-19 11:48:59.878906,M004,temperature,64.79
2025-08-19 11:48:59.878906,M004,vibration,1.03
2025-08-19 11:48:59.878906,M005,current,1.99
2025-08-19 11:48:59.878906,M005,flow_rate,1.7
2025-08-19 11:48:59.878906,M005,pressure,1.0
2025-08-19 11:48:59.878906,M005,rpm,743.81
2025-08-19 11:48:59.878906,M005,temperature,55.47
2025-08-19 11:48:59.878906,M005,vibration,0.0
2025-08-19 11:48:59.878906,M006,current,27.41
2025-08-19 11:48:59.878906,M006,flow_rate,31.33
2025-08-19 11:48:59.878906,M006,pressure,2.08
2025-08-19 11:48:59.878906,M006,rpm,80.52
2025-08-19 11:48:59.878906,M006,temperature,1.79
2025-08-19 11:48:59.878906,M006,vibration,0.22
2025-08-19 11:48:59.878906,M007,current,17.34
2025-08-19 11:48:59.878906,M007,flow_rate,31.0
2025-08-19 11:48:59.878906,M007,pressure,2.23
2025-08-19 11:48:59.878906,M007,rpm,214.86
2025-08-19 11:48:59.878906,M007,temperature,29.29
2025-08-19 11:48:59.878906,M007,vibration,1.22
2025-08-19 11:48:59.878906,M008,current,1.12
2025-08-19 11:48:59.878906,M008,flow_rate,64.29
2025-08-19 11:48:59.878906,M008,pressure,4.33
2025-08-19 11:48:59.878906,M008,rpm,1933.63
2025-08-19 11:48:59.878906,M008,temperature,28.51
2025-08-19 11:48:59.878906,M008,vibration,1.81
2025-08-19 11:48:59.878906,M009,current,6.22
2025-08-19 11:48:59.878906,M009,flow_rate,244.32
2025-08-19 11:48:59.878906,M009,pressure,1.0
2025-08-19 11:48:59.878906,M009,rpm,1812.56
2025-08-19 11:48:59.878906,M009,temperature,10.2
2025-08-19 11:48:59.878906,M009,vibration,0.35
2025-08-19 11:48:59.878906,M010,current,59.15
2025-08-19 11:48:59.878906,M010,flow_rate,4.17
2025-08-19 11:48:59.878906,M010,pressure,6.75
2025-08-19 11:48:59.878906,M010,rpm,156.63
2025-08-19 11:48:59.878906,M010,temperature,28.33
2025-08-19 11:48:59.878906,M010,vibration,2.52
2025-08-19 11:53:59.878906,M001,current,1.14
2025-08-19 11:53:59.878906,M001,flow_rate,17.28
2025-08-19 11:53:59.878906,M001,pressure,0.57
2025-08-19 11:53:59.878906,M001,rpm,3012.39
2025-08-19 11:53:59.878906,M001,temperature,23.9
2025-08-19 11:53:59.878906,M001,vibration,0.42
2025-08-19 11:53:59.878906,M002,current,4.57
2025-08-19 11:53:59.878906,M002,flow_rate,9.12
2025-08-19 11:53:59.878906,M002,pressure,1.02
2025-08-19 11:53:59.878906,M002,rpm,1103.44
2025-08-19 11:53:59.878906,M002,temperature,32.97
2025-08-19 11:53:59.878906,M002,vibration,0.44
2025-08-19 11:53:59.878906,M003,current,1.86
2025-08-19 11:53:59.878906,M003,flow_rate,0.45
2025-08-19 11:53:59.878906,M003,pressure,1.07
2025-08-19 11:53:59.878906,M003,rpm,1004.94
2025-08-19 11:53:59.878906,M003,temperature,21.83
2025-08-19 11:53:59.878906,M003,vibration,0.8
2025-08-19 11:53:59.878906,M004,current,3.0
2025-08-19 11:53:59.878906,M004,flow_rate,0.39
2025-08-19 11:53:59.878906,M004,pressure,0.51
2025-08-19 11:53:59.878906,M004,rpm,104.86
2025-08-19 11:53:59.878906,M004,temperature,64.79
2025-08-19 11:53:59.878906,M004,vibration,0.19
2025-08-19 11:53:59.878906,M005,current,1.62
2025-08-19 11:53:59.878906,M005,flow_rate,1.66
2025-08-19 11:53:59.878906,M005,pressure,1.01
2025-08-19 11:53:59.878906,M005,rpm,603.01
2025-08-19 11:53:59.878906,M005,temperature,11.05
2025-08-19 11:53:59.878906,M005,vibration,0.0
2025-08-19 11:53:59.878906,M006,current,28.02
2025-08-19 11:53:59.878906,M006,flow_rate,30.52
2025-08-19 11:53:59.878906,M006,pressure,2.16
2025-08-19 11:53:59.878906,M006,rpm,58.4
2025-08-19 11:53:59.878906,M006,temperature,3.3
2025-08-19 11:53:59.878906,M006,vibration,0.22
2025-08-19 11:53:59.878906,M007,current,23.27
2025-08-19 11:53:59.878906,M007,flow_rate,32.59
2025-08-19 11:53:59.878906,M007,pressure,1.83
2025-08-19 11:53:59.878906,M007,rpm,0.0
2025-08-19 11:53:59.878906,M007,temperature,3.56
2025-08-19 11:53:59.878906,M007,vibration,1.11
2025-08-19 11:53:59.878906,M008,current,0.57
2025-08-19 11:53:59.878906,M008,flow_rate,68.79
2025-08-19 11:53:59.878906,M008,pressure,4.88
2025-08-19 11:53:59.878906,M008,rpm,1871.52
2025-08-19 11:53:59.878906,M008,temperature,26.98
2025-08-19 11:53:59.878906,M008,vibration,0.24
2025-08-19 11:53:59.878906,M009,current,6.24
2025-08-19 11:53:59.878906,M009,flow_rate,302.61
2025-08-19 11:53:59.878906,M009,pressure,0.5
2025-08-19 11:53:59.878906,M009,rpm,1616.35
2025-08-19 11:53:59.878906,M009,temperature,9.12
2025-08-19 11:53:59.878906,M009,vibration,0.28
2025-08-19 11:53:59.878906,M010,current,10.14
2025-08-19 11:53:59.878906,M010,flow_rate,25.3
2025-08-19 11:53:59.878906,M010,pressure,6.92
2025-08-19 11:53:59.878906,M010,rpm,381.8
2025-08-19 11:53:59.878906,M010,temperature,31.61
2025-08-19 11:53:59.878906,M010,vibration,2.19
2025-08-19 11:58:59.878906,M001,current,1.89
2025-08-19 11:58:59.878906,M001,flow_rate,12.63
2025-08-19 11:58:59.878906,M001,pressure,0.94
2025-08-19 11:58:59.878906,M001,rpm,2549.3
2025-08-19 11:58:59.878906,M001,temperature,21.35
2025-08-19 11:58:59.878906,M001,vibration,0.26
2025-08-19 11:58:59.878906,M002,current,1.29
2025-08-19 11:58:59.878906,M002,flow_rate,13.23
2025-08-19 11:58:59.878906,M002,pressure,0.96
2025-08-19 11:58:59.878906,M002,rpm,1323.47
2025-08-19 11:58:59.878906,M002,temperature,33.68
2025-08-19 11:58:59.878906,M002,vibration,0.49
2025-08-19 11:58:59.878906,M003,current,1.86
2025-08-19 11:58:59.878906,M003,flow_rate,8.28
2025-08-19 11:58:59.878906,M003,pressure,0.91
2025-08-19 11:58:59.878906,M003,rpm,1035.93
2025-08-19 11:58:59.878906,M003,temperature,22.69
2025-08-19 11:58:59.878906,M003,vibration,0.8
2025-08-19 11:58:59.878906,M004,current,1.99
2025-08-19 11:58:59.878906,M004,flow_rate,0.07
2025-08-19 11:58:59.878906,M004,pressure,1.84
2025-08-19 11:58:59.878906,M004,rpm,119.0
2025-08-19 11:58:59.878906,M004,temperature,7.77
2025-08-19 11:58:59.878906,M004,vibration,1.04
2025-08-19 11:58:59.878906,M005,current,1.76
2025-08-19 11:58:59.878906,M005,flow_rate,1.62
2025-08-19 11:58:59.878906,M005,pressure,0.99
2025-08-19 11:58:59.878906,M005,rpm,606.8
2025-08-19 11:58:59.878906,M005,temperature,21.57
2025-08-19 11:58:59.878906,M005,vibration,0.15
2025-08-19 11:58:59.878906,M006,current,13.1
2025-08-19 11:58:59.878906,M006,flow_rate,34.39
2025-08-19 11:58:59.878906,M006,pressure,1.99
2025-08-19 11:58:59.878906,M006,rpm,34.87
2025-08-19 11:58:59.878906,M006,temperature,6.96
2025-08-19 11:58:59.878906,M006,vibration,4.62
2025-08-19 11:58:59.878906,M007,current,17.22
2025-08-19 11:58:59.878906,M007,flow_rate,33.86
2025-08-19 11:58:59.878906,M007,pressure,1.84
2025-08-19 11:58:59.878906,M007,rpm,195.43
2025-08-19 11:58:59.878906,M007,temperature,0.09
2025-08-19 11:58:59.878906,M007,vibration,1.27
2025-08-19 11:58:59.878906,M008,current,1.46
2025-08-19 11:58:59.878906,M008,flow_rate,65.24
2025-08-19 11:58:59.878906,M008,pressure,4.33
2025-08-19 11:58:59.878906,M008,rpm,3308.93
2025-08-19 11:58:59.878906,M008,temperature,27.06
2025-08-19 11:58:59.878906,M008,vibration,0.23
2025-08-19 11:58:59.878906,M009,current,0.53
2025-08-19 11:58:59.878906,M009,flow_rate,150.0
2025-08-19 11:58:59.878906,M009,pressure,0.67
2025-08-19 11:58:59.878906,M009,rpm,1723.08
2025-08-19 11:58:59.878906,M009,temperature,10.43
2025-08-19 11:58:59.878906,M009,vibration,0.34
2025-08-19 11:58:59.878906,M010,current,11.24
2025-08-19 11:58:59.878906,M010,flow_rate,9.11
2025-08-19 11:58:59.878906,M010,pressure,7.02
2025-08-19 11:58:59.878906,M010,rpm,76.41
2025-08-19 11:58:59.878906,M010,temperature,25.87
2025-08-19 11:58:59.878906,M010,vibration,1.71
2025-08-19 12:03:59.878906,M001,current,1.79
2025-08-19 12:03:59.878906,M001,flow_rate,13.67
2025-08-19 12:03:59.878906,M001,pressure,0.92
2025-08-19 12:03:59.878906,M001,rpm,2549.3
2025-08-19 12:03:59.878906,M001,temperature,22.47
2025-08-19 12:03:59.878906,M001,vibration,0.51
2025-08-19 12:03:59.878906,M002,current,1.27
2025-08-19 12:03:59.878906,M002,flow_rate,11.32
2025-08-19 12:03:59.878906,M002,pressure,0.99
2025-08-19 12:03:59.878906,M002,rpm,1199.67
2025-08-19 12:03:59.878906,M002,temperature,16.28
2025-08-19 12:03:59.878906,M002,vibration,0.38
2025-08-19 12:03:59.878906,M003,current,11.95
2025-08-19 12:03:59.878906,M003,flow_rate,8.0
2025-08-19 12:03:59.878906,M003,pressure,1.03
2025-08-19 12:03:59.878906,M003,rpm,972.54
2025-08-19 12:03:59.878906,M003,temperature,25.42
2025-08-19 12:03:59.878906,M003,vibration,0.65
2025-08-19 12:03:59.878906,M004,current,9.05
2025-08-19 12:03:59.878906,M004,flow_rate,0.09
2025-08-19 12:03:59.878906,M004,pressure,1.91
2025-08-19 12:03:59.878906,M004,rpm,39.57
2025-08-19 12:03:59.878906,M004,temperature,9.89
2025-08-19 12:03:59.878906,M004,vibration,1.05
2025-08-19 12:03:59.878906,M005,current,4.58
2025-08-19 12:03:59.878906,M005,flow_rate,1.59
2025-08-19 12:03:59.878906,M005,pressure,0.99
2025-08-19 12:03:59.878906,M005,rpm,233.25
2025-08-19 12:03:59.878906,M005,temperature,22.8
2025-08-19 12:03:59.878906,M005,vibration,0.09
2025-08-19 12:03:59.878906,M006,current,12.83
2025-08-19 12:03:59.878906,M006,flow_rate,10.28
2025-08-19 12:03:59.878906,M006,pressure,2.28
2025-08-19 12:03:59.878906,M006,rpm,0.0
2025-08-19 12:03:59.878906,M006,temperature,18.95
2025-08-19 12:03:59.878906,M006,vibration,1.33
2025-08-19 12:03:59.878906,M007,current,20.56
2025-08-19 12:03:59.878906,M007,flow_rate,66.79
2025-08-19 12:03:59.878906,M007,pressure,2.13
2025-08-19 12:03:59.878906,M007,rpm,0.0
2025-08-19 12:03:59.878906,M007,temperature,2.74
2025-08-19 12:03:59.878906,M007,vibration,0.88
2025-08-19 12:03:59.878906,M008,current,0.78
2025-08-19 12:03:59.878906,M008,flow_rate,60.75
2025-08-19 12:03:59.878906,M008,pressure,2.0
2025-08-19 12:03:59.878906,M008,rpm,3411.91
2025-08-19 12:03:59.878906,M008,temperature,29.87
2025-08-19 12:03:59.878906,M008,vibration,1.99
2025-08-19 12:03:59.878906,M009,current,0.84
2025-08-19 12:03:59.878906,M009,flow_rate,49.57
2025-08-19 12:03:59.878906,M009,pressure,0.68
2025-08-19 12:03:59.878906,M009,rpm,1920.39
2025-08-19 12:03:59.878906,M009,temperature,11.38
2025-08-19 12:03:59.878906,M009,vibration,0.3
2025-08-19 12:03:59.878906,M010,current,13.96
2025-08-19 12:03:59.878906,M010,flow_rate,31.49
2025-08-19 12:03:59.878906,M010,pressure,6.83
2025-08-19 12:03:59.878906,M010,rpm,3505.31
2025-08-19 12:03:59.878906,M010,temperature,30.09
2025-08-19 12:03:59.878906,M010,vibration,1.91
2025-08-19 12:08:59.878906,M001,current,1.7
2025-08-19 12:08:59.878906,M001,flow_rate,18.13
2025-08-19 12:08:59.878906,M001,pressure,0.94
2025-08-19 12:08:59.878906,M001,rpm,717.04
2025-08-19 12:08:59.878906,M001,temperature,22.38
2025-08-19 12:08:59.878906,M001,vibration,0.55
2025-08-19 12:08:59.878906,M002,current,1.24
2025-08-19 12:08:59.878906,M002,flow_rate,5.56
2025-08-19 12:08:59.878906,M002,pressure,0.96
2025-08-19 12:08:59.878906,M002,rpm,1374.67
2025-08-19 12:08:59.878906,M002,temperature,15.95
2025-08-19 12:08:59.878906,M002,vibration,0.2
2025-08-19 12:08:59.878906,M003,current,3.0
2025-08-19 12:08:59.878906,M003,flow_rate,9.35
2025-08-19 12:08:59.878906,M003,pressure,0.89
2025-08-19 12:08:59.878906,M003,rpm,1008.61
2025-08-19 12:08:59.878906,M003,temperature,23.2
2025-08-19 12:08:59.878906,M003,vibration,0.01
2025-08-19 12:08:59.878906,M004,current,5.44
2025-08-19 12:08:59.878906,M004,flow_rate,10.07
2025-08-19 12:08:59.878906,M004,pressure,1.98
2025-08-19 12:08:59.878906,M004,rpm,90.61
2025-08-19 12:08:59.878906,M004,temperature,23.7
2025-08-19 12:08:59.878906,M004,vibration,0.19
2025-08-19 12:08:59.878906,M005,current,2.62
2025-08-19 12:08:59.878906,M005,flow_rate,10.32
2025-08-19 12:08:59.878906,M005,pressure,1.52
2025-08-19 12:08:59.878906,M005,rpm,1592.3
2025-08-19 12:08:59.878906,M005,temperature,23.06
2025-08-19 12:08:59.878906,M005,vibration,0.13
2025-08-19 12:08:59.878906,M006,current,12.57
2025-08-19 12:08:59.878906,M006,flow_rate,10.34
2025-08-19 12:08:59.878906,M006,pressure,2.25
2025-08-19 12:08:59.878906,M006,rpm,103.56
2025-08-19 12:08:59.878906,M006,temperature,24.74
2025-08-19 12:08:59.878906,M006,vibration,1.21
2025-08-19 12:08:59.878906,M007,current,19.44
2025-08-19 12:08:59.878906,M007,flow_rate,40.96
2025-08-19 12:08:59.878906,M007,pressure,2.01
2025-08-19 12:08:59.878906,M007,rpm,0.0
2025-08-19 12:08:59.878906,M007,temperature,3.18
2025-08-19 12:08:59.878906,M007,vibration,0.93
2025-08-19 12:08:59.878906,M008,current,8.2
2025-08-19 12:08:59.878906,M008,flow_rate,64.73
2025-08-19 12:08:59.878906,M008,pressure,1.39
2025-08-19 12:08:59.878906,M008,rpm,3514.88
2025-08-19 12:08:59.878906,M008,temperature,27.94
2025-08-19 12:08:59.878906,M008,vibration,2.05
2025-08-19 12:08:59.878906,M009,current,0.67
2025-08-19 12:08:59.878906,M009,flow_rate,244.32
2025-08-19 12:08:59.878906,M009,pressure,0.81
2025-08-19 12:08:59.878906,M009,rpm,2187.76
2025-08-19 12:08:59.878906,M009,temperature,9.62
2025-08-19 12:08:59.878906,M009,vibration,0.42
2025-08-19 12:08:59.878906,M010,current,25.33
2025-08-19 12:08:59.878906,M010,flow_rate,13.64
2025-08-19 12:08:59.878906,M010,pressure,7.02
2025-08-19 12:08:59.878906,M010,rpm,3743.97
2025-08-19 12:08:59.878906,M010,temperature,33.93
2025-08-19 12:08:59.878906,M010,vibration,2.0
2025-08-19 12:13:59.878906,M001,current,1.62
2025-08-19 12:13:59.878906,M001,flow_rate,15.18
2025-08-19 12:13:59.878906,M001,pressure,0.96
2025-08-19 12:13:59.878906,M001,rpm,1200.0
2025-08-19 12:13:59.878906,M001,temperature,20.83
2025-08-19 12:13:59.878906,M001,vibration,0.45
2025-08-19 12:13:59.878906,M002,current,4.9
2025-08-19 12:13:59.878906,M002,flow_rate,21.26
2025-08-19 12:13:59.878906,M002,pressure,1.05
2025-08-19 12:13:59.878906,M002,rpm,1340.96
2025-08-19 12:13:59.878906,M002,temperature,15.64
2025-08-19 12:13:59.878906,M002,vibration,0.13
2025-08-19 12:13:59.878906,M003,current,11.95
2025-08-19 12:13:59.878906,M003,flow_rate,10.54
2025-08-19 12:13:59.878906,M003,pressure,0.96
2025-08-19 12:13:59.878906,M003,rpm,86.21
2025-08-19 12:13:59.878906,M003,temperature,21.64
2025-08-19 12:13:59.878906,M003,vibration,0.02
2025-08-19 12:13:59.878906,M004,current,1.9
2025-08-19 12:13:59.878906,M004,flow_rate,9.07
2025-08-19 12:13:59.878906,M004,pressure,2.04
2025-08-19 12:13:59.878906,M004,rpm,2.53
2025-08-19 12:13:59.878906,M004,temperature,6.39
2025-08-19 12:13:59.878906,M004,vibration,0.19
2025-08-19 12:13:59.878906,M005,current,0.92
2025-08-19 12:13:59.878906,M005,flow_rate,1.52
2025-08-19 12:13:59.878906,M005,pressure,1.08
2025-08-19 12:13:59.878906,M005,rpm,251.21
2025-08-19 12:13:59.878906,M005,temperature,21.19
2025-08-19 12:13:59.878906,M005,vibration,0.16
2025-08-19 12:13:59.878906,M006,current,12.32
2025-08-19 12:13:59.878906,M006,flow_rate,56.13
2025-08-19 12:13:59.878906,M006,pressure,2.19
2025-08-19 12:13:59.878906,M006,rpm,107.12
2025-08-19 12:13:59.878906,M006,temperature,45.96
2025-08-19 12:13:59.878906,M006,vibration,0.98
2025-08-19 12:13:59.878906,M007,current,7.36
2025-08-19 12:13:59.878906,M007,flow_rate,41.91
2025-08-19 12:13:59.878906,M007,pressure,1.79
2025-08-19 12:13:59.878906,M007,rpm,214.86
2025-08-19 12:13:59.878906,M007,temperature,36.09
2025-08-19 12:13:59.878906,M007,vibration,0.29
2025-08-19 12:13:59.878906,M008,current,9.15
2025-08-19 12:13:59.878906,M008,flow_rate,5.89
2025-08-19 12:13:59.878906,M008,pressure,4.88
2025-08-19 12:13:59.878906,M008,rpm,3617.86
2025-08-19 12:13:59.878906,M008,temperature,26.97
2025-08-19 12:13:59.878906,M008,vibration,0.21
2025-08-19 12:13:59.878906,M009,current,7.05
2025-08-19 12:13:59.878906,M009,flow_rate,244.32
2025-08-19 12:13:59.878906,M009,pressure,0.89
2025-08-19 12:13:59.878906,M009,rpm,1983.88
2025-08-19 12:13:59.878906,M009,temperature,6.53
2025-08-19 12:13:59.878906,M009,vibration,0.31
2025-08-19 12:13:59.878906,M010,current,24.39
2025-08-19 12:13:59.878906,M010,flow_rate,34.48
2025-08-19 12:13:59.878906,M010,pressure,7.37
2025-08-19 12:13:59.878906,M010,rpm,3787.58
2025-08-19 12:13:59.878906,M010,temperature,27.41
2025-08-19 12:13:59.878906,M010,vibration,2.04
2025-08-19 12:18:59.878906,M001,current,1.55
2025-08-19 12:18:59.878906,M001,flow_rate,14.69
2025-08-19 12:18:59.878906,M001,pressure,0.89
2025-08-19 12:18:59.878906,M001,rpm,717.04
2025-08-19 12:18:59.878906,M001,temperature,21.86
2025-08-19 12:18:59.878906,M001,vibration,0.29
2025-08-19 12:18:59.878906,M002,current,1.2
2025-08-19 12:18:59.878906,M002,flow_rate,6.36
2025-08-19 12:18:59.878906,M002,pressure,1.01
2025-08-19 12:18:59.878906,M002,rpm,1185.14
2025-08-19 12:18:59.878906,M002,temperature,15.33
2025-08-19 12:18:59.878906,M002,vibration,0.31
2025-08-19 12:18:59.878906,M003,current,1.86
2025-08-19 12:18:59.878906,M003,flow_rate,9.65
2025-08-19 12:18:59.878906,M003,pressure,0.83
2025-08-19 12:18:59.878906,M003,rpm,187.71
2025-08-19 12:18:59.878906,M003,temperature,0.76
2025-08-19 12:18:59.878906,M003,vibration,0.0
2025-08-19 12:18:59.878906,M004,current,6.29
2025-08-19 12:18:59.878906,M004,flow_rate,8.53
2025-08-19 12:18:59.878906,M004,pressure,0.43
2025-08-19 12:18:59.878906,M004,rpm,127.98
2025-08-19 12:18:59.878906,M004,temperature,30.0
2025-08-19 12:18:59.878906,M004,vibration,0.19
2025-08-19 12:18:59.878906,M005,current,2.85
2025-08-19 12:18:59.878906,M005,flow_rate,10.79
2025-08-19 12:18:59.878906,M005,pressure,1.11
2025-08-19 12:18:59.878906,M005,rpm,800.0
2025-08-19 12:18:59.878906,M005,temperature,22.35
2025-08-19 12:18:59.878906,M005,vibration,0.18
2025-08-19 12:18:59.878906,M006,current,12.08
2025-08-19 12:18:59.878906,M006,flow_rate,92.08
2025-08-19 12:18:59.878906,M006,pressure,1.77
2025-08-19 12:18:59.878906,M006,rpm,110.67
2025-08-19 12:18:59.878906,M006,temperature,24.23
2025-08-19 12:18:59.878906,M006,vibration,1.01
2025-08-19 12:18:59.878906,M007,current,50.94
2025-08-19 12:18:59.878906,M007,flow_rate,23.33
2025-08-19 12:18:59.878906,M007,pressure,2.03
2025-08-19 12:18:59.878906,M007,rpm,0.0
2025-08-19 12:18:59.878906,M007,temperature,98.86
2025-08-19 12:18:59.878906,M007,vibration,0.29
2025-08-19 12:18:59.878906,M008,current,9.98
2025-08-19 12:18:59.878906,M008,flow_rate,5.54
2025-08-19 12:18:59.878906,M008,pressure,1.39
2025-08-19 12:18:59.878906,M008,rpm,1612.54
2025-08-19 12:18:59.878906,M008,temperature,34.05
2025-08-19 12:18:59.878906,M008,vibration,0.21
2025-08-19 12:18:59.878906,M009,current,8.03
2025-08-19 12:18:59.878906,M009,flow_rate,49.57
2025-08-19 12:18:59.878906,M009,pressure,0.25
2025-08-19 12:18:59.878906,M009,rpm,1906.26
2025-08-19 12:18:59.878906,M009,temperature,8.96
2025-08-19 12:18:59.878906,M009,vibration,0.0
2025-08-19 12:18:59.878906,M010,current,16.39
2025-08-19 12:18:59.878906,M010,flow_rate,35.97
2025-08-19 12:18:59.878906,M010,pressure,6.48
2025-08-19 12:18:59.878906,M010,rpm,3688.12
2025-08-19 12:18:59.878906,M010,temperature,29.05
2025-08-19 12:18:59.878906,M010,vibration,1.76
2025-08-19 12:23:59.878906,M001,current,1.48
2025-08-19 12:23:59.878906,M001,flow_rate,16.8
2025-08-19 12:23:59.878906,M001,pressure,0.91
2025-08-19 12:23:59.878906,M001,rpm,847.29
2025-08-19 12:23:59.878906,M001,temperature,21.71
2025-08-19 12:23:59.878906,M001,vibration,0.49
2025-08-19 12:23:59.878906,M002,current,5.07
2025-08-19 12:23:59.878906,M002,flow_rate,6.36
2025-08-19 12:23:59.878906,M002,pressure,3.29
2025-08-19 12:23:59.878906,M002,rpm,1111.59
2025-08-19 12:23:59.878906,M002,temperature,37.23
2025-08-19 12:23:59.878906,M002,vibration,0.06
2025-08-19 12:23:59.878906,M003,current,1.86
2025-08-19 12:23:59.878906,M003,flow_rate,21.98
2025-08-19 12:23:59.878906,M003,pressure,0.87
2025-08-19 12:23:59.878906,M003,rpm,212.37
2025-08-19 12:23:59.878906,M003,temperature,1.69
2025-08-19 12:23:59.878906,M003,vibration,0.01
2025-08-19 12:23:59.878906,M004,current,2.74
2025-08-19 12:23:59.878906,M004,flow_rate,2.03
2025-08-19 12:23:59.878906,M004,pressure,2.18
2025-08-19 12:23:59.878906,M004,rpm,965.6
2025-08-19 12:23:59.878906,M004,temperature,15.0
2025-08-19 12:23:59.878906,M004,vibration,0.18
2025-08-19 12:23:59.878906,M005,current,2.96
2025-08-19 12:23:59.878906,M005,flow_rate,11.02
2025-08-19 12:23:59.878906,M005,pressure,1.14
2025-08-19 12:23:59.878906,M005,rpm,1592.3
2025-08-19 12:23:59.878906,M005,temperature,41.08
2025-08-19 12:23:59.878906,M005,vibration,0.18
2025-08-19 12:23:59.878906,M006,current,31.64
2025-08-19 12:23:59.878906,M006,flow_rate,70.95
2025-08-19 12:23:59.878906,M006,pressure,1.93
2025-08-19 12:23:59.878906,M006,rpm,114.23
2025-08-19 12:23:59.878906,M006,temperature,46.92
2025-08-19 12:23:59.878906,M006,vibration,1.61
2025-08-19 12:23:59.878906,M007,current,19.14
2025-08-19 12:23:59.878906,M007,flow_rate,43.83
2025-08-19 12:23:59.878906,M007,pressure,2.15
2025-08-19 12:23:59.878906,M007,rpm,224.98
2025-08-19 12:23:59.878906,M007,temperature,11.69
2025-08-19 12:23:59.878906,M007,vibration,1.27
2025-08-19 12:23:59.878906,M008,current,18.27
2025-08-19 12:23:59.878906,M008,flow_rate,6.97
2025-08-19 12:23:59.878906,M008,pressure,2.44
2025-08-19 12:23:59.878906,M008,rpm,3823.81
2025-08-19 12:23:59.878906,M008,temperature,33.48
2025-08-19 12:23:59.878906,M008,vibration,0.2
2025-08-19 12:23:59.878906,M009,current,6.66
2025-08-19 12:23:59.878906,M009,flow_rate,118.6
2025-08-19 12:23:59.878906,M009,pressure,1.04
2025-08-19 12:23:59.878906,M009,rpm,11.7
2025-08-19 12:23:59.878906,M009,temperature,9.3
2025-08-19 12:23:59.878906,M009,vibration,0.0
2025-08-19 12:23:59.878906,M010,current,30.26
2025-08-19 12:23:59.878906,M010,flow_rate,12.01
2025-08-19 12:23:59.878906,M010,pressure,7.08
2025-08-19 12:23:59.878906,M010,rpm,3500.41
2025-08-19 12:23:59.878906,M010,temperature,27.41
2025-08-19 12:23:59.878906,M010,vibration,2.52
2025-08-19 12:28:59.878906,M001,current,1.42
2025-08-19 12:28:59.878906,M001,flow_rate,15.82
2025-08-19 12:28:59.878906,M001,pressure,1.04
2025-08-19 12:28:59.878906,M001,rpm,2549.3
2025-08-19 12:28:59.878906,M001,temperature,21.44
2025-08-19 12:28:59.878906,M001,vibration,0.32
2025-08-19 12:28:59.878906,M002,current,1.17
2025-08-19 12:28:59.878906,M002,flow_rate,21.26
2025-08-19 12:28:59.878906,M002,pressure,3.29
2025-08-19 12:28:59.878906,M002,rpm,1205.75
2025-08-19 12:28:59.878906,M002,temperature,14.76
2025-08-19 12:28:59.878906,M002,vibration,0.1
2025-08-19 12:28:59.878906,M003,current,1.51
2025-08-19 12:28:59.878906,M003,flow_rate,3.15
2025-08-19 12:28:59.878906,M003,pressure,1.12
2025-08-19 12:28:59.878906,M003,rpm,28.54
2025-08-19 12:28:59.878906,M003,temperature,2.32
2025-08-19 12:28:59.878906,M003,vibration,0.0
2025-08-19 12:28:59.878906,M004,current,2.62
2025-08-19 12:28:59.878906,M004,flow_rate,2.46
2025-08-19 12:28:59.878906,M004,pressure,0.41
2025-08-19 12:28:59.878906,M004,rpm,2971.65
2025-08-19 12:28:59.878906,M004,temperature,15.0
2025-08-19 12:28:59.878906,M004,vibration,0.18
2025-08-19 12:28:59.878906,M005,current,0.81
2025-08-19 12:28:59.878906,M005,flow_rate,1.42
2025-08-19 12:28:59.878906,M005,pressure,0.85
2025-08-19 12:28:59.878906,M005,rpm,251.21
2025-08-19 12:28:59.878906,M005,temperature,24.57
2025-08-19 12:28:59.878906,M005,vibration,0.19
2025-08-19 12:28:59.878906,M006,current,11.63
2025-08-19 12:28:59.878906,M006,flow_rate,12.01
2025-08-19 12:28:59.878906,M006,pressure,1.87
2025-08-19 12:28:59.878906,M006,rpm,0.0
2025-08-19 12:28:59.878906,M006,temperature,47.39
2025-08-19 12:28:59.878906,M006,vibration,0.91
2025-08-19 12:28:59.878906,M007,current,24.21
2025-08-19 12:28:59.878906,M007,flow_rate,44.78
2025-08-19 12:28:59.878906,M007,pressure,2.04
2025-08-19 12:28:59.878906,M007,rpm,0.0
2025-08-19 12:28:59.878906,M007,temperature,76.66
2025-08-19 12:28:59.878906,M007,vibration,1.25
2025-08-19 12:28:59.878906,M008,current,10.39
2025-08-19 12:28:59.878906,M008,flow_rate,4.86
2025-08-19 12:28:59.878906,M008,pressure,2.67
2025-08-19 12:28:59.878906,M008,rpm,3926.79
2025-08-19 12:28:59.878906,M008,temperature,27.44
2025-08-19 12:28:59.878906,M008,vibration,0.2
2025-08-19 12:28:59.878906,M009,current,8.39
2025-08-19 12:28:59.878906,M009,flow_rate,134.74
2025-08-19 12:28:59.878906,M009,pressure,0.46
2025-08-19 12:28:59.878906,M009,rpm,132.74
2025-08-19 12:28:59.878906,M009,temperature,10.98
2025-08-19 12:28:59.878906,M009,vibration,0.01
2025-08-19 12:28:59.878906,M010,current,19.65
2025-08-19 12:28:59.878906,M010,flow_rate,38.95
2025-08-19 12:28:59.878906,M010,pressure,7.22
2025-08-19 12:28:59.878906,M010,rpm,3786.68
2025-08-19 12:28:59.878906,M010,temperature,30.96
2025-08-19 12:28:59.878906,M010,vibration,1.94
2025-08-19 12:33:59.878906,M001,current,7.33
2025-08-19 12:33:59.878906,M001,flow_rate,15.08
2025-08-19 12:33:59.878906,M001,pressure,0.97
2025-08-19 12:33:59.878906,M001,rpm,717.04
2025-08-19 12:33:59.878906,M001,temperature,21.93
2025-08-19 12:33:59.878906,M001,vibration,0.45
2025-08-19 12:33:59.878906,M002,current,1.15
2025-08-19 12:33:59.878906,M002,flow_rate,15.0
2025-08-19 12:33:59.878906,M002,pressure,1.02
2025-08-19 12:33:59.878906,M002,rpm,1430.27
2025-08-19 12:33:59.878906,M002,temperature,38.65
2025-08-19 12:33:59.878906,M002,vibration,0.63
2025-08-19 12:33:59.878906,M003,current,10.36
2025-08-19 12:33:59.878906,M003,flow_rate,21.98
2025-08-19 12:33:59.878906,M003,pressure,1.16
2025-08-19 12:33:59.878906,M003,rpm,76.85
2025-08-19 12:33:59.878906,M003,temperature,0.46
2025-08-19 12:33:59.878906,M003,vibration,0.01
2025-08-19 12:33:59.878906,M004,current,2.52
2025-08-19 12:33:59.878906,M004,flow_rate,2.03
2025-08-19 12:33:59.878906,M004,pressure,2.31
2025-08-19 12:33:59.878906,M004,rpm,323.05
2025-08-19 12:33:59.878906,M004,temperature,30.0
2025-08-19 12:33:59.878906,M004,vibration,1.1
2025-08-19 12:33:59.878906,M005,current,3.19
2025-08-19 12:33:59.878906,M005,flow_rate,11.48
2025-08-19 12:33:59.878906,M005,pressure,1.21
2025-08-19 12:33:59.878906,M005,rpm,500.0
2025-08-19 12:33:59.878906,M005,temperature,19.09
2025-08-19 12:33:59.878906,M005,vibration,0.15
2025-08-19 12:33:59.878906,M006,current,32.84
2025-08-19 12:33:59.878906,M006,flow_rate,12.01
2025-08-19 12:33:59.878906,M006,pressure,2.31
2025-08-19 12:33:59.878906,M006,rpm,121.35
2025-08-19 12:33:59.878906,M006,temperature,47.87
2025-08-19 12:33:59.878906,M006,vibration,0.89
2025-08-19 12:33:59.878906,M007,current,17.87
2025-08-19 12:33:59.878906,M007,flow_rate,21.86
2025-08-19 12:33:59.878906,M007,pressure,2.12
2025-08-19 12:33:59.878906,M007,rpm,40.6
2025-08-19 12:33:59.878906,M007,temperature,14.68
2025-08-19 12:33:59.878906,M007,vibration,1.31
2025-08-19 12:33:59.878906,M008,current,8.98
2025-08-19 12:33:59.878906,M008,flow_rate,5.09
2025-08-19 12:33:59.878906,M008,pressure,2.48
2025-08-19 12:33:59.878906,M008,rpm,1488.92
2025-08-19 12:33:59.878906,M008,temperature,29.91
2025-08-19 12:33:59.878906,M008,vibration,2.36
2025-08-19 12:33:59.878906,M009,current,6.46
2025-08-19 12:33:59.878906,M009,flow_rate,137.03
2025-08-19 12:33:59.878906,M009,pressure,0.44
2025-08-19 12:33:59.878906,M009,rpm,109.19
2025-08-19 12:33:59.878906,M009,temperature,9.92
2025-08-19 12:33:59.878906,M009,vibration,0.28
2025-08-19 12:33:59.878906,M010,current,19.49
2025-08-19 12:33:59.878906,M010,flow_rate,11.13
2025-08-19 12:33:59.878906,M010,pressure,7.37
2025-08-19 12:33:59.878906,M010,rpm,8803.17
2025-08-19 12:33:59.878906,M010,temperature,27.29
2025-08-19 12:33:59.878906,M010,vibration,2.11
2025-08-19 12:38:59.878906,M001,current,1.31
2025-08-19 12:38:59.878906,M001,flow_rate,30.56
2025-08-19 12:38:59.878906,M001,pressure,1.09
2025-08-19 12:38:59.878906,M001,rpm,1570.9
2025-08-19 12:38:59.878906,M001,temperature,22.25
2025-08-19 12:38:59.878906,M001,vibration,0.01
2025-08-19 12:38:59.878906,M002,current,1.13
2025-08-19 12:38:59.878906,M002,flow_rate,5.64
2025-08-19 12:38:59.878906,M002,pressure,1.06
2025-08-19 12:38:59.878906,M002,rpm,1130.77
2025-08-19 12:38:59.878906,M002,temperature,14.23
2025-08-19 12:38:59.878906,M002,vibration,0.09
2025-08-19 12:38:59.878906,M003,current,6.16
2025-08-19 12:38:59.878906,M003,flow_rate,3.15
2025-08-19 12:38:59.878906,M003,pressure,0.31
2025-08-19 12:38:59.878906,M003,rpm,208.0
2025-08-19 12:38:59.878906,M003,temperature,0.3
2025-08-19 12:38:59.878906,M003,vibration,0.54
2025-08-19 12:38:59.878906,M004,current,7.44
2025-08-19 12:38:59.878906,M004,flow_rate,2.46
2025-08-19 12:38:59.878906,M004,pressure,2.38
2025-08-19 12:38:59.878906,M004,rpm,323.05
2025-08-19 12:38:59.878906,M004,temperature,30.0
2025-08-19 12:38:59.878906,M004,vibration,0.18
2025-08-19 12:38:59.878906,M005,current,3.31
2025-08-19 12:38:59.878906,M005,flow_rate,11.71
2025-08-19 12:38:59.878906,M005,pressure,0.81
2025-08-19 12:38:59.878906,M005,rpm,1592.3
2025-08-19 12:38:59.878906,M005,temperature,18.67
2025-08-19 12:38:59.878906,M005,vibration,0.24
2025-08-19 12:38:59.878906,M006,current,11.21
2025-08-19 12:38:59.878906,M006,flow_rate,70.95
2025-08-19 12:38:59.878906,M006,pressure,1.66
2025-08-19 12:38:59.878906,M006,rpm,0.0
2025-08-19 12:38:59.878906,M006,temperature,48.35
2025-08-19 12:38:59.878906,M006,vibration,1.19
2025-08-19 12:38:59.878906,M007,current,22.33
2025-08-19 12:38:59.878906,M007,flow_rate,46.7
2025-08-19 12:38:59.878906,M007,pressure,3.77
2025-08-19 12:38:59.878906,M007,rpm,59.54
2025-08-19 12:38:59.878906,M007,temperature,96.23
2025-08-19 12:38:59.878906,M007,vibration,1.11
2025-08-19 12:38:59.878906,M008,current,10.6
2025-08-19 12:38:59.878906,M008,flow_rate,8.93
2025-08-19 12:38:59.878906,M008,pressure,2.39
2025-08-19 12:38:59.878906,M008,rpm,1451.82
2025-08-19 12:38:59.878906,M008,temperature,28.63
2025-08-19 12:38:59.878906,M008,vibration,0.19
2025-08-19 12:38:59.878906,M009,current,9.23
2025-08-19 12:38:59.878906,M009,flow_rate,119.26
2025-08-19 12:38:59.878906,M009,pressure,0.42
2025-08-19 12:38:59.878906,M009,rpm,162.38
2025-08-19 12:38:59.878906,M009,temperature,11.75
2025-08-19 12:38:59.878906,M009,vibration,0.39
2025-08-19 12:38:59.878906,M010,current,31.06
2025-08-19 12:38:59.878906,M010,flow_rate,10.73
2025-08-19 12:38:59.878906,M010,pressure,7.07
2025-08-19 12:38:59.878906,M010,rpm,2856.25
2025-08-19 12:38:59.878906,M010,temperature,31.84
2025-08-19 12:38:59.878906,M010,vibration,1.78
2025-08-19 12:43:59.878906,M001,current,1.26
2025-08-19 12:43:59.878906,M001,flow_rate,6.54
2025-08-19 12:43:59.878906,M001,pressure,0.04
2025-08-19 12:43:59.878906,M001,rpm,1714.23
2025-08-19 12:43:59.878906,M001,temperature,22.11
2025-08-19 12:43:59.878906,M001,vibration,0.0
2025-08-19 12:43:59.878906,M002,current,1.11
2025-08-19 12:43:59.878906,M002,flow_rate,18.87
2025-08-19 12:43:59.878906,M002,pressure,1.53
2025-08-19 12:43:59.878906,M002,rpm,1164.77
2025-08-19 12:43:59.878906,M002,temperature,13.97
2025-08-19 12:43:59.878906,M002,vibration,0.09
2025-08-19 12:43:59.878906,M003,current,6.31
2025-08-19 12:43:59.878906,M003,flow_rate,12.0
2025-08-19 12:43:59.878906,M003,pressure,2.01
2025-08-19 12:43:59.878906,M003,rpm,107.56
2025-08-19 12:43:59.878906,M003,temperature,1.16
2025-08-19 12:43:59.878906,M003,vibration,0.54
2025-08-19 12:43:59.878906,M004,current,7.73
2025-08-19 12:43:59.878906,M004,flow_rate,12.0
2025-08-19 12:43:59.878906,M004,pressure,0.37
2025-08-19 12:43:59.878906,M004,rpm,969.41
2025-08-19 12:43:59.878906,M004,temperature,23.06
2025-08-19 12:43:59.878906,M004,vibration,1.12
2025-08-19 12:43:59.878906,M005,current,0.73
2025-08-19 12:43:59.878906,M005,flow_rate,1.34
2025-08-19 12:43:59.878906,M005,pressure,0.79
2025-08-19 12:43:59.878906,M005,rpm,1592.3
2025-08-19 12:43:59.878906,M005,temperature,26.28
2025-08-19 12:43:59.878906,M005,vibration,0.2
2025-08-19 12:43:59.878906,M006,current,34.05
2025-08-19 12:43:59.878906,M006,flow_rate,10.86
2025-08-19 12:43:59.878906,M006,pressure,2.07
2025-08-19 12:43:59.878906,M006,rpm,0.0
2025-08-19 12:43:59.878906,M006,temperature,23.04
2025-08-19 12:43:59.878906,M006,vibration,1.37
2025-08-19 12:43:59.878906,M007,current,21.29
2025-08-19 12:43:59.878906,M007,flow_rate,47.65
2025-08-19 12:43:59.878906,M007,pressure,1.1
2025-08-19 12:43:59.878906,M007,rpm,43.82
2025-08-19 12:43:59.878906,M007,temperature,45.0
2025-08-19 12:43:59.878906,M007,vibration,0.06
2025-08-19 12:43:59.878906,M008,current,9.14
2025-08-19 12:43:59.878906,M008,flow_rate,3.67
2025-08-19 12:43:59.878906,M008,pressure,2.21
2025-08-19 12:43:59.878906,M008,rpm,1416.53
2025-08-19 12:43:59.878906,M008,temperature,30.99
2025-08-19 12:43:59.878906,M008,vibration,2.48
2025-08-19 12:43:59.878906,M009,current,7.56
2025-08-19 12:43:59.878906,M009,flow_rate,114.31
2025-08-19 12:43:59.878906,M009,pressure,0.41
2025-08-19 12:43:59.878906,M009,rpm,149.7
2025-08-19 12:43:59.878906,M009,temperature,9.22
2025-08-19 12:43:59.878906,M009,vibration,0.04
2025-08-19 12:43:59.878906,M010,current,19.16
2025-08-19 12:43:59.878906,M010,flow_rate,10.36
2025-08-19 12:43:59.878906,M010,pressure,6.84
2025-08-19 12:43:59.878906,M010,rpm,4952.96
2025-08-19 12:43:59.878906,M010,temperature,29.99
2025-08-19 12:43:59.878906,M010,vibration,1.48
2025-08-19 12:48:59.878906,M001,current,1.22
2025-08-19 12:48:59.878906,M001,flow_rate,15.72
2025-08-19 12:48:59.878906,M001,pressure,0.0
2025-08-19 12:48:59.878906,M001,rpm,1707.67
2025-08-19 12:48:59.878906,M001,temperature,21.09
2025-08-19 12:48:59.878906,M001,vibration,0.0
2025-08-19 12:48:59.878906,M002,current,5.48
2025-08-19 12:48:59.878906,M002,flow_rate,18.87
2025-08-19 12:48:59.878906,M002,pressure,1.47
2025-08-19 12:48:59.878906,M002,rpm,1233.64
2025-08-19 12:48:59.878906,M002,temperature,13.73
2025-08-19 12:48:59.878906,M002,vibration,0.68
2025-08-19 12:48:59.878906,M003,current,6.47
2025-08-19 12:48:59.878906,M003,flow_rate,3.15
2025-08-19 12:48:59.878906,M003,pressure,2.58
2025-08-19 12:48:59.878906,M003,rpm,122.07
2025-08-19 12:48:59.878906,M003,temperature,0.2
2025-08-19 12:48:59.878906,M003,vibration,0.7
2025-08-19 12:48:59.878906,M004,current,8.01
2025-08-19 12:48:59.878906,M004,flow_rate,24.4
2025-08-19 12:48:59.878906,M004,pressure,2.52
2025-08-19 12:48:59.878906,M004,rpm,806.92
2025-08-19 12:48:59.878906,M004,temperature,24.79
2025-08-19 12:48:59.878906,M004,vibration,0.18
2025-08-19 12:48:59.878906,M005,current,3.54
2025-08-19 12:48:59.878906,M005,flow_rate,1.31
2025-08-19 12:48:59.878906,M005,pressure,1.3
2025-08-19 12:48:59.878906,M005,rpm,597.33
2025-08-19 12:48:59.878906,M005,temperature,17.88
2025-08-19 12:48:59.878906,M005,vibration,0.2
2025-08-19 12:48:59.878906,M006,current,34.65
2025-08-19 12:48:59.878906,M006,flow_rate,56.13
2025-08-19 12:48:59.878906,M006,pressure,2.04
2025-08-19 12:48:59.878906,M006,rpm,0.0
2025-08-19 12:48:59.878906,M006,temperature,22.82
2025-08-19 12:48:59.878906,M006,vibration,1.47
2025-08-19 12:48:59.878906,M007,current,21.84
2025-08-19 12:48:59.878906,M007,flow_rate,20.57
2025-08-19 12:48:59.878906,M007,pressure,0.99
2025-08-19 12:48:59.878906,M007,rpm,67.51
2025-08-19 12:48:59.878906,M007,temperature,11.69
2025-08-19 12:48:59.878906,M007,vibration,0.07
2025-08-19 12:48:59.878906,M008,current,10.2
2025-08-19 12:48:59.878906,M008,flow_rate,61.23
2025-08-19 12:48:59.878906,M008,pressure,2.31
2025-08-19 12:48:59.878906,M008,rpm,1382.91
2025-08-19 12:48:59.878906,M008,temperature,29.88
2025-08-19 12:48:59.878906,M008,vibration,0.18
2025-08-19 12:48:59.878906,M009,current,8.84
2025-08-19 12:48:59.878906,M009,flow_rate,48.32
2025-08-19 12:48:59.878906,M009,pressure,0.4
2025-08-19 12:48:59.878906,M009,rpm,150.39
2025-08-19 12:48:59.878906,M009,temperature,9.89
2025-08-19 12:48:59.878906,M009,vibration,1.17
2025-08-19 12:48:59.878906,M010,current,19.0
2025-08-19 12:48:59.878906,M010,flow_rate,44.92
2025-08-19 12:48:59.878906,M010,pressure,13.01
2025-08-19 12:48:59.878906,M010,rpm,2606.46
2025-08-19 12:48:59.878906,M010,temperature,26.89
2025-08-19 12:48:59.878906,M010,vibration,2.4
2025-08-19 12:53:59.878906,M001,current,1.18
2025-08-19 12:53:59.878906,M001,flow_rate,15.03
2025-08-19 12:53:59.878906,M001,pressure,0.11
2025-08-19 12:53:59.878906,M001,rpm,1512.56
2025-08-19 12:53:59.878906,M001,temperature,21.15
2025-08-19 12:53:59.878906,M001,vibration,0.0
2025-08-19 12:53:59.878906,M002,current,1.08
2025-08-19 12:53:59.878906,M002,flow_rate,5.64
2025-08-19 12:53:59.878906,M002,pressure,0.67
2025-08-19 12:53:59.878906,M002,rpm,1179.42
2025-08-19 12:53:59.878906,M002,temperature,41.5
2025-08-19 12:53:59.878906,M002,vibration,0.69
2025-08-19 12:53:59.878906,M003,current,6.62
2025-08-19 12:53:59.878906,M003,flow_rate,21.98
2025-08-19 12:53:59.878906,M003,pressure,2.9
2025-08-19 12:53:59.878906,M003,rpm,2969.93
2025-08-19 12:53:59.878906,M003,temperature,20.9
2025-08-19 12:53:59.878906,M003,vibration,0.82
2025-08-19 12:53:59.878906,M004,current,2.17
2025-08-19 12:53:59.878906,M004,flow_rate,2.03
2025-08-19 12:53:59.878906,M004,pressure,0.97
2025-08-19 12:53:59.878906,M004,rpm,1152.73
2025-08-19 12:53:59.878906,M004,temperature,24.95
2025-08-19 12:53:59.878906,M004,vibration,1.14
2025-08-19 12:53:59.878906,M005,current,3.65
2025-08-19 12:53:59.878906,M005,flow_rate,1.29
2025-08-19 12:53:59.878906,M005,pressure,1.33
2025-08-19 12:53:59.878906,M005,rpm,1329.11
2025-08-19 12:53:59.878906,M005,temperature,27.42
2025-08-19 12:53:59.878906,M005,vibration,0.03
2025-08-19 12:53:59.878906,M006,current,35.25
2025-08-19 12:53:59.878906,M006,flow_rate,10.34
2025-08-19 12:53:59.878906,M006,pressure,2.05
2025-08-19 12:53:59.878906,M006,rpm,135.58
2025-08-19 12:53:59.878906,M006,temperature,22.6
2025-08-19 12:53:59.878906,M006,vibration,0.07
2025-08-19 12:53:59.878906,M007,current,20.3
2025-08-19 12:53:59.878906,M007,flow_rate,20.17
2025-08-19 12:53:59.878906,M007,pressure,3.4
2025-08-19 12:53:59.878906,M007,rpm,31.61
2025-08-19 12:53:59.878906,M007,temperature,14.68
2025-08-19 12:53:59.878906,M007,vibration,0.05
2025-08-19 12:53:59.878906,M008,current,9.35
2025-08-19 12:53:59.878906,M008,flow_rate,224.8
2025-08-19 12:53:59.878906,M008,pressure,2.24
2025-08-19 12:53:59.878906,M008,rpm,1350.84
2025-08-19 12:53:59.878906,M008,temperature,30.49
2025-08-19 12:53:59.878906,M008,vibration,0.7
2025-08-19 12:53:59.878906,M009,current,18.62
2025-08-19 12:53:59.878906,M009,flow_rate,61.4
2025-08-19 12:53:59.878906,M009,pressure,0.38
2025-08-19 12:53:59.878906,M009,rpm,46.7
2025-08-19 12:53:59.878906,M009,temperature,10.92
2025-08-19 12:53:59.878906,M009,vibration,0.31
2025-08-19 12:53:59.878906,M010,current,31.85
2025-08-19 12:53:59.878906,M010,flow_rate,46.41
2025-08-19 12:53:59.878906,M010,pressure,3.69
2025-08-19 12:53:59.878906,M010,rpm,2497.26
2025-08-19 12:53:59.878906,M010,temperature,59.72
2025-08-19 12:53:59.878906,M010,vibration,1.99
2025-08-19 12:58:59.878906,M001,current,3.52
2025-08-19 12:58:59.878906,M001,flow_rate,6.88
2025-08-19 12:58:59.878906,M001,pressure,0.01
2025-08-19 12:58:59.878906,M001,rpm,1554.33
2025-08-19 12:58:59.878906,M001,temperature,21.65
2025-08-19 12:58:59.878906,M001,vibration,0.46
2025-08-19 12:58:59.878906,M002,current,5.64
2025-08-19 12:58:59.878906,M002,flow_rate,10.69
2025-08-19 12:58:59.878906,M002,pressure,0.9
2025-08-19 12:58:59.878906,M002,rpm,1395.8
2025-08-19 12:58:59.878906,M002,temperature,13.27
2025-08-19 12:58:59.878906,M002,vibration,0.08
2025-08-19 12:58:59.878906,M003,current,2.66
2025-08-19 12:58:59.878906,M003,flow_rate,3.15
2025-08-19 12:58:59.878906,M003,pressure,0.31
2025-08-19 12:58:59.878906,M003,rpm,2969.93
2025-08-19 12:58:59.878906,M003,temperature,20.7
2025-08-19 12:58:59.878906,M003,vibration,0.56
2025-08-19 12:58:59.878906,M004,current,8.59
2025-08-19 12:58:59.878906,M004,flow_rate,2.46
2025-08-19 12:58:59.878906,M004,pressure,1.21
2025-08-19 12:58:59.878906,M004,rpm,1020.65
2025-08-19 12:58:59.878906,M004,temperature,6.34
2025-08-19 12:58:59.878906,M004,vibration,0.17
2025-08-19 12:58:59.878906,M005,current,0.66
2025-08-19 12:58:59.878906,M005,flow_rate,12.64
2025-08-19 12:58:59.878906,M005,pressure,0.73
2025-08-19 12:58:59.878906,M005,rpm,1174.13
2025-08-19 12:58:59.878906,M005,temperature,17.15
2025-08-19 12:58:59.878906,M005,vibration,0.05
2025-08-19 12:58:59.878906,M006,current,10.46
2025-08-19 12:58:59.878906,M006,flow_rate,36.6
2025-08-19 12:58:59.878906,M006,pressure,1.77
2025-08-19 12:58:59.878906,M006,rpm,139.14
2025-08-19 12:58:59.878906,M006,temperature,22.38
2025-08-19 12:58:59.878906,M006,vibration,0.06
2025-08-19 12:58:59.878906,M007,current,19.37
2025-08-19 12:58:59.878906,M007,flow_rate,19.79
2025-08-19 12:58:59.878906,M007,pressure,1.5
2025-08-19 12:58:59.878906,M007,rpm,77.14
2025-08-19 12:58:59.878906,M007,temperature,76.66
2025-08-19 12:58:59.878906,M007,vibration,0.05
2025-08-19 12:58:59.878906,M008,current,10.02
2025-08-19 12:58:59.878906,M008,flow_rate,224.8
2025-08-19 12:58:59.878906,M008,pressure,2.33
2025-08-19 12:58:59.878906,M008,rpm,1320.24
2025-08-19 12:58:59.878906,M008,temperature,27.24
2025-08-19 12:58:59.878906,M008,vibration,0.77
2025-08-19 12:58:59.878906,M009,current,18.62
2025-08-19 12:58:59.878906,M009,flow_rate,302.56
2025-08-19 12:58:59.878906,M009,pressure,0.37
2025-08-19 12:58:59.878906,M009,rpm,2138.92
2025-08-19 12:58:59.878906,M009,temperature,10.39
2025-08-19 12:58:59.878906,M009,vibration,0.32
2025-08-19 12:58:59.878906,M010,current,32.11
2025-08-19 12:58:59.878906,M010,flow_rate,47.9
2025-08-19 12:58:59.878906,M010,pressure,6.6
2025-08-19 12:58:59.878906,M010,rpm,5632.41
2025-08-19 12:58:59.878906,M010,temperature,11.76
2025-08-19 12:58:59.878906,M010,vibration,2.56
2025-08-19 13:03:59.878906,M001,current,1.34
2025-08-19 13:03:59.878906,M001,flow_rate,20.82
2025-08-19 13:03:59.878906,M001,pressure,0.11
2025-08-19 13:03:59.878906,M001,rpm,1407.93
2025-08-19 13:03:59.878906,M001,temperature,22.15
2025-08-19 13:03:59.878906,M001,vibration,0.51
2025-08-19 13:03:59.878906,M002,current,1.05
2025-08-19 13:03:59.878906,M002,flow_rate,12.21
2025-08-19 13:03:59.878906,M002,pressure,0.67
2025-08-19 13:03:59.878906,M002,rpm,1353.01
2025-08-19 13:03:59.878906,M002,temperature,42.92
2025-08-19 13:03:59.878906,M002,vibration,0.08
2025-08-19 13:03:59.878906,M003,current,6.93
2025-08-19 13:03:59.878906,M003,flow_rate,8.96
2025-08-19 13:03:59.878906,M003,pressure,0.35
2025-08-19 13:03:59.878906,M003,rpm,2969.93
2025-08-19 13:03:59.878906,M003,temperature,10.04
2025-08-19 13:03:59.878906,M003,vibration,0.76
2025-08-19 13:03:59.878906,M004,current,2.03
2025-08-19 13:03:59.878906,M004,flow_rate,9.62
2025-08-19 13:03:59.878906,M004,pressure,0.97
2025-08-19 13:03:59.878906,M004,rpm,989.84
2025-08-19 13:03:59.878906,M004,temperature,6.37
2025-08-19 13:03:59.878906,M004,vibration,1.15
2025-08-19 13:03:59.878906,M005,current,3.88
2025-08-19 13:03:59.878906,M005,flow_rate,12.87
2025-08-19 13:03:59.878906,M005,pressure,0.71
2025-08-19 13:03:59.878906,M005,rpm,1329.11
2025-08-19 13:03:59.878906,M005,temperature,28.55
2025-08-19 13:03:59.878906,M005,vibration,0.05
2025-08-19 13:03:59.878906,M006,current,36.46
2025-08-19 13:03:59.878906,M006,flow_rate,32.25
2025-08-19 13:03:59.878906,M006,pressure,2.42
2025-08-19 13:03:59.878906,M006,rpm,0.0
2025-08-19 13:03:59.878906,M006,temperature,50.75
2025-08-19 13:03:59.878906,M006,vibration,0.05
2025-08-19 13:03:59.878906,M007,current,18.89
2025-08-19 13:03:59.878906,M007,flow_rate,19.42
2025-08-19 13:03:59.878906,M007,pressure,1.1
2025-08-19 13:03:59.878906,M007,rpm,55.36
2025-08-19 13:03:59.878906,M007,temperature,11.69
2025-08-19 13:03:59.878906,M007,vibration,0.05
2025-08-19 13:03:59.878906,M008,current,10.02
2025-08-19 13:03:59.878906,M008,flow_rate,64.95
2025-08-19 13:03:59.878906,M008,pressure,2.37
2025-08-19 13:03:59.878906,M008,rpm,4647.62
2025-08-19 13:03:59.878906,M008,temperature,28.12
2025-08-19 13:03:59.878906,M008,vibration,1.01
2025-08-19 13:03:59.878906,M009,current,8.66
2025-08-19 13:03:59.878906,M009,flow_rate,302.56
2025-08-19 13:03:59.878906,M009,pressure,1.4
2025-08-19 13:03:59.878906,M009,rpm,5660.99
2025-08-19 13:03:59.878906,M009,temperature,11.81
2025-08-19 13:03:59.878906,M009,vibration,0.07
2025-08-19 13:03:59.878906,M010,current,18.53
2025-08-19 13:03:59.878906,M010,flow_rate,22.03
2025-08-19 13:03:59.878906,M010,pressure,6.56
2025-08-19 13:03:59.878906,M010,rpm,2304.19
2025-08-19 13:03:59.878906,M010,temperature,40.92
2025-08-19 13:03:59.878906,M010,vibration,1.64
2025-08-19 13:08:59.878906,M001,current,1.97
2025-08-19 13:08:59.878906,M001,flow_rate,21.65
2025-08-19 13:08:59.878906,M001,pressure,0.11
2025-08-19 13:08:59.878906,M001,rpm,1548.65
2025-08-19 13:08:59.878906,M001,temperature,21.57
2025-08-19 13:08:59.878906,M001,vibration,0.07
2025-08-19 13:08:59.878906,M002,current,5.81
2025-08-19 13:08:59.878906,M002,flow_rate,12.92
2025-08-19 13:08:59.878906,M002,pressure,1.47
2025-08-19 13:08:59.878906,M002,rpm,1299.99
2025-08-19 13:08:59.878906,M002,temperature,43.63
2025-08-19 13:08:59.878906,M002,vibration,0.08
2025-08-19 13:08:59.878906,M003,current,7.09
2025-08-19 13:08:59.878906,M003,flow_rate,8.15
2025-08-19 13:08:59.878906,M003,pressure,0.45
2025-08-19 13:08:59.878906,M003,rpm,977.53
2025-08-19 13:08:59.878906,M003,temperature,30.57
2025-08-19 13:08:59.878906,M003,vibration,0.62
2025-08-19 13:08:59.878906,M004,current,1.96
2025-08-19 13:08:59.878906,M004,flow_rate,23.28
2025-08-19 13:08:59.878906,M004,pressure,1.02
2025-08-19 13:08:59.878906,M004,rpm,1000.2
2025-08-19 13:08:59.878906,M004,temperature,10.83
2025-08-19 13:08:59.878906,M004,vibration,0.17
2025-08-19 13:08:59.878906,M005,current,4.0
2025-08-19 13:08:59.878906,M005,flow_rate,13.11
2025-08-19 13:08:59.878906,M005,pressure,1.43
2025-08-19 13:08:59.878906,M005,rpm,1174.13
2025-08-19 13:08:59.878906,M005,temperature,29.12
2025-08-19 13:08:59.878906,M005,vibration,0.04
2025-08-19 13:08:59.878906,M006,current,37.06
2025-08-19 13:08:59.878906,M006,flow_rate,26.02
2025-08-19 13:08:59.878906,M006,pressure,1.7
2025-08-19 13:08:59.878906,M006,rpm,0.0
2025-08-19 13:08:59.878906,M006,temperature,51.22
2025-08-19 13:08:59.878906,M006,vibration,0.1
2025-08-19 13:08:59.878906,M007,current,19.97
2025-08-19 13:08:59.878906,M007,flow_rate,19.07
2025-08-19 13:08:59.878906,M007,pressure,3.77
2025-08-19 13:08:59.878906,M007,rpm,53.06
2025-08-19 13:08:59.878906,M007,temperature,33.18
2025-08-19 13:08:59.878906,M007,vibration,0.88
2025-08-19 13:08:59.878906,M008,current,9.98
2025-08-19 13:08:59.878906,M008,flow_rate,60.33
2025-08-19 13:08:59.878906,M008,pressure,2.34
2025-08-19 13:08:59.878906,M008,rpm,4750.6
2025-08-19 13:08:59.878906,M008,temperature,28.76
2025-08-19 13:08:59.878906,M008,vibration,1.14
2025-08-19 13:08:59.878906,M009,current,2.32
2025-08-19 13:08:59.878906,M009,flow_rate,61.4
2025-08-19 13:08:59.878906,M009,pressure,0.35
2025-08-19 13:08:59.878906,M009,rpm,662.43
2025-08-19 13:08:59.878906,M009,temperature,9.26
2025-08-19 13:08:59.878906,M009,vibration,0.1
2025-08-19 13:08:59.878906,M010,current,18.38
2025-08-19 13:08:59.878906,M010,flow_rate,27.07
2025-08-19 13:08:59.878906,M010,pressure,6.93
2025-08-19 13:08:59.878906,M010,rpm,6085.38
2025-08-19 13:08:59.878906,M010,temperature,58.11
2025-08-19 13:08:59.878906,M010,vibration,1.78
2025-08-19 13:13:59.878906,M001,current,5.16
2025-08-19 13:13:59.878906,M001,flow_rate,8.9
2025-08-19 13:13:59.878906,M001,pressure,0.04
2025-08-19 13:13:59.878906,M001,rpm,1439.43
2025-08-19 13:13:59.878906,M001,temperature,22.29
2025-08-19 13:13:59.878906,M001,vibration,0.07
2025-08-19 13:13:59.878906,M002,current,2.94
2025-08-19 13:13:59.878906,M002,flow_rate,10.71
2025-08-19 13:13:59.878906,M002,pressure,0.9
2025-08-19 13:13:59.878906,M002,rpm,1187.22
2025-08-19 13:13:59.878906,M002,temperature,44.34
2025-08-19 13:13:59.878906,M002,vibration,0.75
2025-08-19 13:13:59.878906,M003,current,7.24
2025-08-19 13:13:59.878906,M003,flow_rate,7.37
2025-08-19 13:13:59.878906,M003,pressure,0.24
2025-08-19 13:13:59.878906,M003,rpm,1012.31
2025-08-19 13:13:59.878906,M003,temperature,31.14
2025-08-19 13:13:59.878906,M003,vibration,0.55
2025-08-19 13:13:59.878906,M004,current,5.09
2025-08-19 13:13:59.878906,M004,flow_rate,2.61
2025-08-19 13:13:59.878906,M004,pressure,0.93
2025-08-19 13:13:59.878906,M004,rpm,1035.78
2025-08-19 13:13:59.878906,M004,temperature,6.69
2025-08-19 13:13:59.878906,M004,vibration,1.17
2025-08-19 13:13:59.878906,M005,current,0.61
2025-08-19 13:13:59.878906,M005,flow_rate,1.2
2025-08-19 13:13:59.878906,M005,pressure,0.68
2025-08-19 13:13:59.878906,M005,rpm,800.0
2025-08-19 13:13:59.878906,M005,temperature,16.17
2025-08-19 13:13:59.878906,M005,vibration,0.35
2025-08-19 13:13:59.878906,M006,current,37.67
2025-08-19 13:13:59.878906,M006,flow_rate,4.52
2025-08-19 13:13:59.878906,M006,pressure,2.09
2025-08-19 13:13:59.878906,M006,rpm,0.0
2025-08-19 13:13:59.878906,M006,temperature,51.7
2025-08-19 13:13:59.878906,M006,vibration,0.02
2025-08-19 13:13:59.878906,M007,current,20.9
2025-08-19 13:13:59.878906,M007,flow_rate,18.73
2025-08-19 13:13:59.878906,M007,pressure,3.4
2025-08-19 13:13:59.878906,M007,rpm,58.46
2025-08-19 13:13:59.878906,M007,temperature,35.19
2025-08-19 13:13:59.878906,M007,vibration,1.63
2025-08-19 13:13:59.878906,M008,current,11.37
2025-08-19 13:13:59.878906,M008,flow_rate,21.34
2025-08-19 13:13:59.878906,M008,pressure,2.36
2025-08-19 13:13:59.878906,M008,rpm,1236.2
2025-08-19 13:13:59.878906,M008,temperature,27.71
2025-08-19 13:13:59.878906,M008,vibration,0.69
2025-08-19 13:13:59.878906,M009,current,8.22
2025-08-19 13:13:59.878906,M009,flow_rate,120.14
2025-08-19 13:13:59.878906,M009,pressure,0.34
2025-08-19 13:13:59.878906,M009,rpm,1500.0
2025-08-19 13:13:59.878906,M009,temperature,9.63
2025-08-19 13:13:59.878906,M009,vibration,0.53
2025-08-19 13:13:59.878906,M010,current,32.9
2025-08-19 13:13:59.878906,M010,flow_rate,24.34
2025-08-19 13:13:59.878906,M010,pressure,7.09
2025-08-19 13:13:59.878906,M010,rpm,6311.86
2025-08-19 13:13:59.878906,M010,temperature,15.06
2025-08-19 13:13:59.878906,M010,vibration,1.92
2025-08-19 13:18:59.878906,M001,current,1.91
2025-08-19 13:18:59.878906,M001,flow_rate,23.29
2025-08-19 13:18:59.878906,M001,pressure,0.05
2025-08-19 13:18:59.878906,M001,rpm,1370.32
2025-08-19 13:18:59.878906,M001,temperature,22.27
2025-08-19 13:18:59.878906,M001,vibration,0.08
2025-08-19 13:18:59.878906,M002,current,0.81
2025-08-19 13:18:59.878906,M002,flow_rate,4.11
2025-08-19 13:18:59.878906,M002,pressure,0.67
2025-08-19 13:18:59.878906,M002,rpm,1251.77
2025-08-19 13:18:59.878906,M002,temperature,45.05
2025-08-19 13:18:59.878906,M002,vibration,0.77
2025-08-19 13:18:59.878906,M003,current,2.43
2025-08-19 13:18:59.878906,M003,flow_rate,8.94
2025-08-19 13:18:59.878906,M003,pressure,0.24
2025-08-19 13:18:59.878906,M003,rpm,882.62
2025-08-19 13:18:59.878906,M003,temperature,31.71
2025-08-19 13:18:59.878906,M003,vibration,0.68
2025-08-19 13:18:59.878906,M004,current,2.1
2025-08-19 13:18:59.878906,M004,flow_rate,3.55
2025-08-19 13:18:59.878906,M004,pressure,1.07
2025-08-19 13:18:59.878906,M004,rpm,918.38
2025-08-19 13:18:59.878906,M004,temperature,8.62
2025-08-19 13:18:59.878906,M004,vibration,0.17
2025-08-19 13:18:59.878906,M005,current,4.23
2025-08-19 13:18:59.878906,M005,flow_rate,1.18
2025-08-19 13:18:59.878906,M005,pressure,0.67
2025-08-19 13:18:59.878906,M005,rpm,1174.13
2025-08-19 13:18:59.878906,M005,temperature,30.26
2025-08-19 13:18:59.878906,M005,vibration,0.04
2025-08-19 13:18:59.878906,M006,current,38.27
2025-08-19 13:18:59.878906,M006,flow_rate,5.68
2025-08-19 13:18:59.878906,M006,pressure,1.9
2025-08-19 13:18:59.878906,M006,rpm,0.0
2025-08-19 13:18:59.878906,M006,temperature,52.18
2025-08-19 13:18:59.878906,M006,vibration,0.05
2025-08-19 13:18:59.878906,M007,current,21.2
2025-08-19 13:18:59.878906,M007,flow_rate,18.4
2025-08-19 13:18:59.878906,M007,pressure,2.07
2025-08-19 13:18:59.878906,M007,rpm,42.71
2025-08-19 13:18:59.878906,M007,temperature,34.6
2025-08-19 13:18:59.878906,M007,vibration,1.03
2025-08-19 13:18:59.878906,M008,current,9.05
2025-08-19 13:18:59.878906,M008,flow_rate,21.34
2025-08-19 13:18:59.878906,M008,pressure,2.43
2025-08-19 13:18:59.878906,M008,rpm,4956.55
2025-08-19 13:18:59.878906,M008,temperature,32.24
2025-08-19 13:18:59.878906,M008,vibration,0.94
2025-08-19 13:18:59.878906,M009,current,7.03
2025-08-19 13:18:59.878906,M009,flow_rate,126.54
2025-08-19 13:18:59.878906,M009,pressure,0.33
2025-08-19 13:18:59.878906,M009,rpm,5660.99
2025-08-19 13:18:59.878906,M009,temperature,7.46
2025-08-19 13:18:59.878906,M009,vibration,0.54
2025-08-19 13:18:59.878906,M010,current,18.09
2025-08-19 13:18:59.878906,M010,flow_rate,23.98
2025-08-19 13:18:59.878906,M010,pressure,7.67
2025-08-19 13:18:59.878906,M010,rpm,2064.74
2025-08-19 13:18:59.878906,M010,temperature,12.65
2025-08-19 13:18:59.878906,M010,vibration,2.69
